<?xml version="1.0" encoding="utf-8"?>
<window>
    <onload condition="System.HasAddon(script.artistslideshow)">RunScript(script.artistslideshow)</onload>
    <onload condition="System.HasAddon(script.radio.streaming.helper)">RunScript(script.radio.streaming.helper)</onload>
    <constant name="NoArtist">-</constant>
    <defaultcontrol></defaultcontrol>
    <backgroundcolor>background</backgroundcolor>
    <controls>
        <control type="visualisation">
            <include>FullScreenDimensions</include>
            <visible>Player.HasAudio</visible>
        </control>
        <control type="multiimage">
            <left>0</left>
            <top>0</top>
            <width>100%</width>
            <height>100%</height>
            <imagepath background="true">$INFO[Window(Visualisation).Property(ArtistSlideshow)]</imagepath>
            <aspectratio>keep</aspectratio>
            <timeperimage>10000</timeperimage>
            <fadetime>2000</fadetime>
            <randomize>true</randomize>
            <animation effect="fade" start="0" end="100" time="400">WindowOpen</animation>
            <animation effect="fade" start="100" end="0" time="300">WindowClose</animation>
            <visible>System.HasAddon(script.artistslideshow) + String.IsEqual(Window(Visualisation).Property(ArtistSlideshow.ArtworkReady),true)</visible>
        </control>

        <control type="image">
            <left>0</left>
            <top>0</top>
            <width>100%</width>
            <height>100%</height>
            <aspectratio>scale</aspectratio>
            <fadetime>400</fadetime>
            <animation effect="fade" start="0" end="100" time="400">WindowOpen</animation>
            <animation effect="fade" start="100" end="0" time="300">WindowClose</animation>
            <texture background="true">$INFO[Player.Art(fanart)]</texture>
            <visible>!Skin.HasSetting(hide_background_fanart) + [!System.HasAddon(script.artistslideshow) | !String.IsEqual(Window(Visualisation).Property(ArtistSlideshow.ArtworkReady),true)]</visible>
        </control>
        <control type="group">
            <animation effect="fade" start="100" end="30" time="0" condition="![!System.HasAddon(script.artistslideshow) + String.IsEmpty(Player.Art(fanart))] | ![System.HasAddon(script.artistslideshow) + String.IsEqual(Window(Visualisation).Property(ArtistSlideshow.ArtworkReady),true)] | Visualisation.Enabled">Conditional</animation>
            <include>ColoredBackgroundImages</include>
        </control>
        <control type="image">
            <left>0</left>
            <top>0</top>
            <width>100%</width>
            <height>100%</height>
            <aspectratio>scale</aspectratio>
            <fadetime>400</fadetime>
            <animation effect="fade" start="0" end="100" time="400">WindowOpen</animation>
            <animation effect="fade" start="100" end="0" time="300">WindowClose</animation>
            <texture background="true" colordiffuse="$VAR[BackgroundDiffusion]">colors/black.png</texture>
            <visible>Player.ShowInfo | Window.IsActive(musicosd)</visible>
        </control>
        <control type="group">
            <bottom>0</bottom>
            <height>1080</height>
            <include>OpenClose_Left</include>
 <!-- Logo from streaming radio helper -->
                <control type="image">
                    <top>65</top>
                    <left>13</left>
                    <width>500</width>
                    <height>170</height>
                    <aspectratio align="center">keep</aspectratio>
                    <fadetime>400</fadetime>
                    <texture background="true">$INFO[Window(12006).Property(srh.Logopath)]</texture>
                    <visible>[Player.ShowInfo | Window.IsActive(musicosd)] + !MusicPlayer.Content(livetv)</visible>
                </control>

                <!-- Banner from streaming radio helper -->
                <control type="image">
                    <top>900</top>
                    <left>13</left>
                    <width>500</width>
                    <height>180</height>
                    <aspectratio align="center">keep</aspectratio>
                    <fadetime>400</fadetime>
                    <texture background="true">$INFO[Window(12006).Property(srh.Artist.Banner)]</texture>
                    <visible>[Player.ShowInfo | Window.IsActive(musicosd)] + !MusicPlayer.Content(livetv)</visible>
                </control>
<!-- My attempt to add a spinning cd !! -->

                <control type="image">
                    <animation effect="rotate" end="-360" center="auto" time="8000" loop="true" reversible="false" condition="!Player.Paused">Conditional</animation>
                    <include>Visible_Left</include>
                    <visible>[Player.ShowInfo | Window.IsActive(musicosd)] + !MusicPlayer.Content(livetv)</visible>
                    <left>273</left>
                    <top>280</top>
                    <width>370</width>
                    <height>370</height>
                    <texture diffuse="cdart_diffuse.png" fallback="cd_fallback.png" background="true">http://localhost:52307/getthumb&amp;title=$VAR[CDArtLookup]</texture>
                    <aspectratio align="center" aligny="center">stretch</aspectratio>
                </control>
                <control type="image">
                    <animation effect="rotate" end="-360" center="auto" time="8000" loop="true" reversible="false" condition="!Player.Paused">Conditional</animation>
                    <include>Visible_Left</include>
                    <visible>[Player.ShowInfo | Window.IsActive(musicosd)] + !MusicPlayer.Content(livetv) + !Player.IsInternetStream</visible>
                    <left>273</left>
                    <top>280</top>
                    <width>370</width>
                    <height>370</height>
                    <texture diffuse="cdart_diffuse.png" background="true">$INFO[Player.Folderpath]cdart.png</texture>
                    <aspectratio align="center" aligny="center">keep</aspectratio>
                </control>
                <control type="image">
                    <animation effect="rotate" end="-360" center="auto" time="8000" loop="true" reversible="false" condition="!Player.Paused">Conditional</animation>
                    <include>Visible_Left</include>
                    <visible>[Player.ShowInfo | Window.IsActive(musicosd)] + !MusicPlayer.Content(livetv) + !String.IsEmpty(Window(Visualisation).Property(srh.Artist))</visible>
                    <left>273</left>
                    <top>280</top>
                    <width>370</width>
                    <height>370</height>
                    <texture diffuse="cdart_diffuse.png" background="true">$INFO[Window(Visualisation).Property(srh.Musicpath)]/$INFO[Window.Property(srh.Artist)]/$INFO[Window.Property(srh.Album)]/cdart.png</texture>
                    <aspectratio align="center" aligny="center">keep</aspectratio>
                </control>
                <control type="image">
                <left>13</left>
                <top>270</top>
                <include>Visible_Left</include>
                <visible>[Player.ShowInfo | Window.IsActive(musicosd)] + !MusicPlayer.Content(livetv)</visible>
                <width>500</width>
                <height>390</height>
                <fadetime>400</fadetime>
                <aspectratio aligny="bottom">keep</aspectratio>
                <texture diffuse="jewelcase1.png" fallback="DefaultAlbumCover2.png" border="2">$VAR[AlbumArtLookup]</texture>
            </control>
            <control type="group">
                <top>-30</top>
                <visible>[Player.ShowInfo | Window.IsActive(musicosd)] + ![Window.IsActive(playerprocessinfo) | MusicPlayer.Content(livetv)]</visible>
                <include>Visible_Left</include>
                <control type="textbox" id="1012">
                    <top>165</top>
                    <right>10</right>
                    <width>30%</width>
                    <height>570</height>
                    <description>Artist Biography from Artist Slideshow</description>
                    <align>right</align>
                    <aligny>top</aligny>
                    <font>font13</font>
                    <scroll>true</scroll>
                    <wrapmultiline>true</wrapmultiline>
                    <autoscroll time="2000" delay="10000" repeat="5000"></autoscroll>
                    <label>$INFO[Window(Visualisation).Property(ArtistSlideshow.ArtistBiography)]</label>
                    <visible>Skin.HasSetting(show_artist_bio)</visible>
                </control>
                <control type="group">
                    <left>30</left>
                    <top>740</top>
                    <control type="label">
                      <visible>!Player.IsInternetStream</visible>
                        <top>0</top>
                        <width>1600</width>
                        <height>40</height>
                        <label>[COLOR yellow]$INFO[MusicPlayer.Artist][/COLOR]</label>
                        <font>font60</font>
                        <shadowcolor>black</shadowcolor>
                        <scroll>true</scroll>
                    </control>
                    <control type="label">
                        <visible>Player.IsInternetStream</visible>
                        <top>0</top>
                        <width>1600</width>
                        <height>40</height>
                        <label>[COLOR red]$INFO[Window(Visualisation).Property(srh.Artist)][/COLOR]</label>
                        <font>font60</font>
                        <shadowcolor>black</shadowcolor>
                        <scroll>true</scroll>
                    </control>
                    <control type="label">
                    <visible>String.IsEqual(Window(Visualisation).Property(streaming-radio-helper-running) ,true)</visible>
                        <top>127</top>
                        <width>1600</width>
                        <height>40</height>
                        <label>[COLOR blue]$INFO[Window(Visualisation).Property(srh.Track)][/COLOR]</label>
                        <font>font60</font>
                        <shadowcolor>black</shadowcolor>
                        <scroll>true</scroll>
                    </control>
                    <control type="label">
                    <visible>!Player.IsInternetStream</visible>
                        <top>80</top>
                        <width>1600</width>
                        <height>40</height>
                        <label>$INFO[MusicPlayer.Album]$INFO[MusicPlayer.Year,[COLOR button_focus] [,][/COLOR]]</label>
                        <font>font37</font>
                        <shadowcolor>black</shadowcolor>
                        <scroll>true</scroll>
                    </control>
                    <control type="label">
                    <visible>Player.IsInternetStream</visible>
                        <top>80</top>
                        <width>1600</width>
                        <height>40</height>
                        <label>[COLOR green]$INFO[Window(Visualisation).Property(srh.Album)][/COLOR]$INFO[Window(Visualisation).Property(srh.Year),[COLOR button_focus] [,][/COLOR]]</label>
                        <font>font37</font>
                        <shadowcolor>black</shadowcolor>
                        <scroll>true</scroll>
                    </control>
                    <control type="label">
                        <top>127</top>
                        <width>1600</width>
                        <height>40</height>
                        <label>$INFO[MusicPlayer.TrackNumber,,: ][COLOR orange]$INFO[Player.Title][/COLOR]</label>
                        <font>font45</font>
                        <shadowcolor>black</shadowcolor>
                        <textcolor>button_focus</textcolor>
                        <scroll>true</scroll>
                        <visible>!Player.IsInternetStream</visible>
                    </control>
                </control>
            </control>
        </control>
    </controls>
</window>
