<?xml version="1.0" encoding="UTF-8"?>
<addon id="skin.estuary.srh.version" version="1.0.1" name="Estuary Streaming Radio Helper mod" provider-name="black_eagle, pkscout, phil65, Ichabod Fletchman">
    <requires>
        <import addon="xbmc.gui" version="5.13.0"/>
    </requires>
    <extension point="xbmc.gui.skin" debugging="false">
        <res width="1920" height="1440" aspect="4:3" default="false" folder="xml" />
        <res width="1920" height="1280" aspect="3:2" default="false" folder="xml" />
        <res width="1920" height="1200" aspect="16:10" default="false" folder="xml" />
        <res width="2040" height="1080" aspect="17:9" default="false" folder="xml" />
        <res width="1920" height="1080" aspect="16:9" default="true" folder="xml" />
        <res width="2560" height="1080" aspect="21:9" default="false" folder="xml" />
        <res width="2338" height="1080" aspect="19.5:9" default="false" folder="xml" />
        <res width="2160" height="1080" aspect="18:9" default="false" folder="xml" />
    </extension>
    <extension point="xbmc.addon.metadata">
        <news>
v.1.0.1
- Initial Version - still very much W.I.P
        </news>
        <summary lang="en_GB">black_eagle's mod to the Estuary skin by phil65.</summary>
        <description lang="en_GB">Various mods to Estuary, including Artist Slideshow support, Straming Radio Helper support and ability to customize home screen and home screen widgets. Based off pkscout's mod of Estuary.</description>
        <disclaimer lang="en_GB">You can report issues at https://github.com/the-black-eagle/skin.estuary.srh.version></disclaimer>
        <platform>all</platform>
        <license>CC BY-SA 4.0, GNU GENERAL PUBLIC LICENSE Version 2.0</license>
        <assets>
            <icon>resources/icon.png</icon>
            <screenshot>resources/screenshot012.png</screenshot>
            <screenshot>resources/screenshot013.png</screenshot>
            <screenshot>resources/screenshot014.png</screenshot>
            <screenshot>resources/screenshot015.png</screenshot>
            <screenshot>resources/screenshot016.png</screenshot>
        </assets>
    </extension>
</addon>
