<?xml version="1.0" encoding="UTF-8" standalone="yes"?>
<addon id="script.radio.streaming.helper"
      name="Streaming Radio Helper"
      version="0.6.9"
      provider-name="black_eagle">
  <requires>
    <import addon="xbmc.python" version="2.1.0"/>
  </requires>
  <extension point="xbmc.python.script"
            library="default.py" />
  <extension point="xbmc.addon.metadata">
    <platform>all</platform>
    <summary lang="en">A Script to help skins display icy radio streams correctly as separate artist and track</summary>
    <description lang="en">Parses ICY and Shoutcast radio streams into window properties for a skin to display.  Also provides local or online logos, current artist thumb and banner.
    Images are downloaded and cached locally from fanart.tv and TheAudioDB. Artist and track info is collected from TheAudioDB and last.fm</description>
    <summary lang="pl">Skrypt pomaga skórce poprawnie wyświetlać nazwę artysty i tytuł piosenki dla surowych strumieni radiowych (wymagane wsparcie króry).</summary>
    <description lang="pl">Analizuje surowy strumień radiowy, zapisuje nazwę artysty, tytuł piosenki do wlaściwości okna i udostępnia je skórce. Udostępnia też lokalne lub online grafiki (logo, baner i miniaturę artysty).</description>

  </extension>
</addon>
